ID,Name,State,MEGAPROJECT,Description
2293,project_one,Started,Work1, this is the first project I created
2297,project_two,Started,Work2, this is the first project I created
2298,project_three,Started,Work1, this is the first project I created
2299,project_four,Started,Work2, this is the first project I created
2300,project_five,Started,Work1, this is the first project I created
2313,project_one1,Started,Work11, this is the first project I created
2315,project_two1,Started,Work21, this is the first project I created
2316,project_three1,Started,Work11, this is the first project I created
2317,project_four1,Started,Work21, this is the first project I created
2318,project_five1,Started,Work11, this is the first project I created
2333,project_one,Started,Work1, this is the first project I created
2337,project_two,Started,Work2, this is the first project I created
2338,project_three,Started,Work1, this is the first project I created
2339,project_four,Started,Work2, this is the first project I created
2340,project_five,Started,Work1, this is the first project I created
2348,project_one,Started,Work1, this is the first project I created
2352,project_two,Started,Work2, this is the first project I created
2353,project_three,Started,Work1, this is the first project I created
2354,project_four,Started,Work2, this is the first project I created
2355,project_five,Started,Work1, this is the first project I created
2368,project_one1,Started,Work11, this is the first project I created
2370,project_two1,Started,Work21, this is the first project I created
2371,project_three1,Started,Work11, this is the first project I created
2372,project_four1,Started,Work21, this is the first project I created
2373,project_five1,Started,Work11, this is the first project I created
2388,project_one,Started,Work1, this is the first project I created
2392,project_two,Started,Work2, this is the first project I created
2393,project_three,Started,Work1, this is the first project I created
2394,project_four,Started,Work2, this is the first project I created
2395,project_five,Started,Work1, this is the first project I created
2408,project_one1,Started,Work11, this is the first project I created
2410,project_two1,Started,Work21, this is the first project I created
2411,project_three1,Started,Work11, this is the first project I created
2412,project_four1,Started,Work21, this is the first project I created
2413,project_five1,Started,Work11, this is the first project I created
2428,project_one,Started,Work1, this is the first project I created
2432,project_two,Started,Work2, this is the first project I created
2433,project_three,Started,Work1, this is the first project I created
2434,project_four,Started,Work2, this is the first project I created
2435,project_five,Started,Work1, this is the first project I created
2448,project_one1,Started,Work11, this is the first project I created
2450,project_two1,Started,Work21, this is the first project I created
2451,project_three1,Started,Work11, this is the first project I created
2452,project_four1,Started,Work21, this is the first project I created
2453,project_five1,Started,Work11, this is the first project I created
2468,project_one,Started,Work1, this is the first project I created
2472,project_two,Started,Work2, this is the first project I created
2473,project_three,Started,Work1, this is the first project I created
2474,project_four,Started,Work2, this is the first project I created
2475,project_five,Started,Work1, this is the first project I created
2488,project_one1,Started,Work11, this is the first project I created
2490,project_two1,Started,Work21, this is the first project I created
2491,project_three1,Started,Work11, this is the first project I created
2492,project_four1,Started,Work21, this is the first project I created
2493,project_five1,Started,Work11, this is the first project I created
2508,project_one,Started,Work1, this is the first project I created
2512,project_two,Started,Work2, this is the first project I created
2513,project_three,Started,Work1, this is the first project I created
2514,project_four,Started,Work2, this is the first project I created
2515,project_five,Started,Work1, this is the first project I created
2528,project_one1,Started,Work11, this is the first project I created
2530,project_two1,Started,Work21, this is the first project I created
2531,project_three1,Started,Work11, this is the first project I created
2532,project_four1,Started,Work21, this is the first project I created
2533,project_five1,Started,Work11, this is the first project I created
2548,project_one,Started,Work1, this is the first project I created
2552,project_two,Started,Work2, this is the first project I created
2553,project_three,Started,Work1, this is the first project I created
2554,project_four,Started,Work2, this is the first project I created
2555,project_five,Started,Work1, this is the first project I created
2568,project_one1,Started,Work11, this is the first project I created
2570,project_two1,Started,Work21, this is the first project I created
2571,project_three1,Started,Work11, this is the first project I created
2572,project_four1,Started,Work21, this is the first project I created
2573,project_five1,Started,Work11, this is the first project I created
2592,project_one,Started,Work1, this is the first project I created
2596,project_two,Started,Work2, this is the first project I created
2597,project_three,Started,Work1, this is the first project I created
2598,project_four,Started,Work2, this is the first project I created
2599,project_five,Started,Work1, this is the first project I created
2612,project_one1,Started,Work11, this is the first project I created
2614,project_two1,Started,Work21, this is the first project I created
2615,project_three1,Started,Work11, this is the first project I created
2616,project_four1,Started,Work21, this is the first project I created
2617,project_five1,Started,Work11, this is the first project I created
2632,project_one,Started,Work1, this is the first project I created
2636,project_two,Started,Work2, this is the first project I created
2637,project_three,Started,Work1, this is the first project I created
2638,project_four,Started,Work2, this is the first project I created
2639,project_five,Started,Work1, this is the first project I created
2652,project_one1,Started,Work11, this is the first project I created
2654,project_two1,Started,Work21, this is the first project I created
2655,project_three1,Started,Work11, this is the first project I created
2656,project_four1,Started,Work21, this is the first project I created
2657,project_five1,Started,Work11, this is the first project I created
2702,project_one,Started,Work1, this is the first project I created
2706,project_two,Started,Work2, this is the first project I created
2707,project_three,Started,Work1, this is the first project I created
2708,project_four,Started,Work2, this is the first project I created
2709,project_five,Started,Work1, this is the first project I created
2722,project_one1,Started,Work11, this is the first project I created
2724,project_two1,Started,Work21, this is the first project I created
2725,project_three1,Started,Work11, this is the first project I created
2726,project_four1,Started,Work21, this is the first project I created
2727,project_five1,Started,Work11, this is the first project I created
2800,project_one,Started,Work1, this is the first project I created
2804,project_two,Started,Work2, this is the first project I created
2805,project_three,Started,Work1, this is the first project I created
2806,project_four,Started,Work2, this is the first project I created
2807,project_five,Started,Work1, this is the first project I created
2820,project_one1,Started,Work11, this is the first project I created
2822,project_two1,Started,Work21, this is the first project I created
2823,project_three1,Started,Work11, this is the first project I created
2824,project_four1,Started,Work21, this is the first project I created
2825,project_five1,Started,Work11, this is the first project I created
2840,project_one,Started,Work1, this is the first project I created
2844,project_two,Started,Work2, this is the first project I created
2845,project_three,Started,Work1, this is the first project I created
2846,project_four,Started,Work2, this is the first project I created
2847,project_five,Started,Work1, this is the first project I created
2860,project_one1,Started,Work11, this is the first project I created
2862,project_two1,Started,Work21, this is the first project I created
2863,project_three1,Started,Work11, this is the first project I created
2864,project_four1,Started,Work21, this is the first project I created
2865,project_five1,Started,Work11, this is the first project I created
2880,project_one,Started,Work1, this is the first project I created
2884,project_two,Started,Work2, this is the first project I created
2885,project_three,Started,Work1, this is the first project I created
2886,project_four,Started,Work2, this is the first project I created
2887,project_five,Started,Work1, this is the first project I created
2900,project_one1,Started,Work11, this is the first project I created
2902,project_two1,Started,Work21, this is the first project I created
2903,project_three1,Started,Work11, this is the first project I created
2904,project_four1,Started,Work21, this is the first project I created
2905,project_five1,Started,Work11, this is the first project I created
2920,project_one,Started,Work1, this is the first project I created
2924,project_two,Started,Work2, this is the first project I created
2925,project_three,Started,Work1, this is the first project I created
2926,project_four,Started,Work2, this is the first project I created
2927,project_five,Started,Work1, this is the first project I created
2940,project_one1,Started,Work11, this is the first project I created
2942,project_two1,Started,Work21, this is the first project I created
2943,project_three1,Started,Work11, this is the first project I created
2944,project_four1,Started,Work21, this is the first project I created
2945,project_five1,Started,Work11, this is the first project I created
2960,project_one,Started,Work1, this is the first project I created
2964,project_two,Started,Work2, this is the first project I created
2965,project_three,Started,Work1, this is the first project I created
2966,project_four,Started,Work2, this is the first project I created
2967,project_five,Started,Work1, this is the first project I created
2980,project_one1,Started,Work11, this is the first project I created
2982,project_two1,Started,Work21, this is the first project I created
2983,project_three1,Started,Work11, this is the first project I created
2984,project_four1,Started,Work21, this is the first project I created
2985,project_five1,Started,Work11, this is the first project I created
3000,project_one,Started,Work1, this is the first project I created
3004,project_two,Started,Work2, this is the first project I created
3005,project_three,Started,Work1, this is the first project I created
3006,project_four,Started,Work2, this is the first project I created
3007,project_five,Started,Work1, this is the first project I created
3020,project_one1,Started,Work11, this is the first project I created
3022,project_two1,Started,Work21, this is the first project I created
3023,project_three1,Started,Work11, this is the first project I created
3024,project_four1,Started,Work21, this is the first project I created
3025,project_five1,Started,Work11, this is the first project I created
3040,project_one,Started,Work1, this is the first project I created
3044,project_two,Started,Work2, this is the first project I created
3045,project_three,Started,Work1, this is the first project I created
3046,project_four,Started,Work2, this is the first project I created
3047,project_five,Started,Work1, this is the first project I created
3060,project_one1,Started,Work11, this is the first project I created
3062,project_two1,Started,Work21, this is the first project I created
3063,project_three1,Started,Work11, this is the first project I created
3064,project_four1,Started,Work21, this is the first project I created
3065,project_five1,Started,Work11, this is the first project I created
3176,project_one,Started,Work1, this is the first project I created
3180,project_two,Started,Work2, this is the first project I created
3181,project_three,Started,Work1, this is the first project I created
3182,project_four,Started,Work2, this is the first project I created
3183,project_five,Started,Work1, this is the first project I created
3196,project_one1,Started,Work11, this is the first project I created
3198,project_two1,Started,Work21, this is the first project I created
3199,project_three1,Started,Work11, this is the first project I created
3200,project_four1,Started,Work21, this is the first project I created
3201,project_five1,Started,Work11, this is the first project I created
